<?xml version="1.0" encoding="UTF-8"?>
    <addon id="script.zipposwizard" name="Zippo's Wizard" version="1" provider-name="Zippo JONES">
        <requires>
            <import addon="xbmc.addon" version="12.0.0"/>
        </requires>
        <extension point="xbmc.addon.repository" name="zippo">
            <info compressed="false">{url}{output_path}addons.xml</info>
            <checksum>{url}{output_path}addons.xml.md5</checksum>
            <datadir zip="true">{url}{output_path}</datadir>
            <hashes>false</hashes>
        </extension>
        <extension point="xbmc.addon.metadata">
            <summary>{summary}</summary>
            <description>{description}</description>
            <platform>all</platform>
    </extension>
</addon>